{"accuracy": 9.191734313964844, "loss": 2.5161545276641846, "_timestamp": 1668348008.1376646, "_runtime": 58.23936367034912, "_step": 0}