{"accuracy": 9.191734313964844, "loss": 2.5161545276641846, "_timestamp": 1668844387.3908463, "_runtime": 81.87194919586182, "_step": 0}