{"accuracy": 9.191734313964844, "loss": 2.5161545276641846, "_timestamp": 1668867772.3323617, "_runtime": 63.73282074928284, "_step": 0}