{"accuracy": 19.299440383911133, "loss": 2.052716016769409, "_timestamp": 1668850917.9543724, "_runtime": 194.06001043319702, "_step": 2}