{"accuracy": 9.191734313964844, "loss": 2.5161545276641846, "_timestamp": 1668347096.7647052, "_runtime": 63.81722021102905, "_step": 0, "_wandb": {"runtime": 76}}