{"accuracy": 19.299440383911133, "loss": 2.052716016769409, "_timestamp": 1668877577.245172, "_runtime": 250.713947057724, "_step": 2}