{"accuracy": 9.191734313964844, "loss": 2.5161545276641846, "_timestamp": 1668876397.0786226, "_runtime": 89.0581865310669, "_step": 0}