{"accuracy": 19.299440383911133, "loss": 2.052716016769409, "_timestamp": 1668852186.422108, "_runtime": 225.69782304763794, "_step": 2}