{"accuracy": 19.299440383911133, "loss": 2.052716016769409, "_timestamp": 1668348313.8502276, "_runtime": 191.89196062088013, "_step": 2}