{"accuracy": 19.299440383911133, "loss": 2.052716016769409, "_timestamp": 1668973902.2733796, "_runtime": 191.03900456428528, "_step": 2}