{"accuracy": 19.299440383911133, "loss": 2.052716016769409, "_timestamp": 1668848470.3265774, "_runtime": 184.088050365448, "_step": 2}