{"accuracy": 9.191734313964844, "loss": 2.5161545276641846, "_timestamp": 1668531894.1810455, "_runtime": 71.52374863624573, "_step": 0}