{"accuracy": 19.299440383911133, "loss": 2.052716016769409, "_timestamp": 1668876749.4548728, "_runtime": 233.53637790679932, "_step": 2, "_wandb": {"runtime": 250}}