{"accuracy": 9.191734313964844, "loss": 2.5161545276641846, "_timestamp": 1668845212.0972228, "_runtime": 65.34509778022766, "_step": 0, "_wandb": {"runtime": 66}}