{"accuracy": 9.191734313964844, "loss": 2.5161545276641846, "_timestamp": 1668877066.9002433, "_runtime": 79.23894834518433, "_step": 0, "_wandb": {"runtime": 94}}