{"accuracy": 9.191734313964844, "loss": 2.5161545276641846, "_timestamp": 1668347775.4548578, "_runtime": 61.20626378059387, "_step": 0}